Date,MaxTemp,MinTemp,TOTALDEMAND,RRP,DAILYT
2018-01-01,24.86666666666649,16.499999999999996,3988.814893617017,71.06340425531882,6149738.461000101
2018-01-02,22.53333333333274,16.249999999999996,4581.217083333328,71.76874999999987,6381157.417799944
2018-01-03,21.433333333333735,14.033333333333257,4889.427499999997,77.65999999999976,6219129.074400043
2018-01-04,23.3000000000001,12.83333333333322,4117.376250000018,73.07083333333323,6730797.359999921
2018-01-05,30.999999999999986,13.43333333333313,5110.09312499998,72.52166666666682,7976139.30400006
2018-01-06,42.36666666666655,17.133333333333095,5661.002708333358,98.24041666666743,11485248.981199874
2018-01-07,22.066666666666343,17.700000000000042,5179.711250000033,81.36999999999998,7428132.482399875
2018-01-08,22.566666666666315,16.93333333333334,5583.539999999991,73.36354166666642,7277108.268000149
2018-01-09,22.133333333332505,15.033333333333758,4847.690208333349,100.33312500000031,6599655.088599994
2018-01-10,26.399999999998517,13.633333333333022,4769.44333333333,108.66479166666755,6927908.59140004
2018-01-11,34.20000000000083,13.533333333333205,4972.9443750000055,99.0541666666666,9657945.45619992
2018-01-12,29.033333333334173,20.70000000000012,4196.8849999999975,68.71229166666663,9113989.469399817
2018-01-13,21.23333333333307,15.399999999999588,4124.043750000012,73.0883333333332,6638384.839399859
2018-01-14,19.73333333333293,12.16666666666665,3834.2366666666835,65.74854166666684,5921764.358599959
2018-01-15,21.133333333333663,14.699999999999793,4557.878958333324,85.82354166666613,6673505.068800047
2018-01-16,26.099999999999625,12.199999999999806,4836.417916666658,91.20791666666676,6770802.852600013
2018-01-17,29.49999999999934,11.233333333333517,5386.931874999995,98.39333333333363,8115720.656399946
2018-01-18,40.1666666666678,15.033333333333216,6443.669375000038,904.5291666666662,11988554.605599727
2018-01-19,41.63333333333291,21.466666666666544,6877.941458333351,523.3735416666651,13468558.841200056
2018-01-20,25.666666666666163,19.300000000000264,5201.042708333342,93.33458333333327,9410483.273600165
2018-01-21,28.80000000000075,20.633333333333177,5304.38333333335,116.4387499999996,10065295.002799988
2018-01-22,25.000000000001084,19.833333333333385,5748.142708333318,113.93229166666704,9333656.628799949
2018-01-23,24.333333333331986,17.64999999999977,5346.436250000022,100.75833333333337,7963190.750600048
2018-01-24,24.533333333333644,13.933333333333348,5370.823541666662,102.66124999999948,7914247.632599874
2018-01-25,28.766666666665678,17.1333333333329,5801.883750000013,142.34937500000078,9379903.480599979
2018-01-26,28.333333333333332,19.433333333333607,5358.310833333317,89.13520833333327,9387247.614399936
2018-01-27,32.63333333333391,20.866666666666724,5796.441041666687,101.44458333333317,11236208.049400067
2018-01-28,38.900000000000325,21.63333333333254,6643.195416666682,246.02437500000002,15106938.793200294
2018-01-29,34.366666666665814,27.96666666666658,6684.89854166671,105.88791666666722,13081528.613399904
2018-01-30,21.0,15.400000000000237,4801.648749999998,77.44666666666679,7187251.845000039
2018-01-31,19.666666666665822,14.199999999999834,4521.8408333333255,64.16937500000029,6518991.95680005
2018-02-01,22.666666666666096,11.566666666666444,4386.577083333335,68.78812499999978,6317533.999400097
2018-02-02,22.733333333333686,13.70000000000032,4706.097499999999,79.75375000000007,6551348.3951999685
2018-02-03,27.86666666666618,16.06666666666681,4998.347083333333,91.04916666666627,7007826.736199971
2018-02-04,26.09999999999944,14.566666666666963,4094.0937500000214,60.74916666666662,7413743.287599955
2018-02-05,25.733333333333807,15.933333333333206,4946.524791666661,65.46041666666679,8046866.335800079
2018-02-06,30.900000000000805,16.80000000000006,5134.419791666649,97.96145833333335,9209528.490000036
2018-02-07,37.45000000000021,17.2333333333333,5863.05229166669,84.90166666666684,12127077.779399727
2018-02-08,27.666666666667133,20.066666666666755,5376.041666666678,64.29833333333286,10477844.131999763
2018-02-09,25.700000000000724,19.950000000000294,4933.454375000037,133.8285416666664,8959603.90420006
2018-02-10,31.249999999999773,17.499999999999982,4769.09187499999,103.7652083333332,8460902.089400139
2018-02-11,21.766666666665987,15.299999999999562,4866.410625000006,77.48729166666679,6642668.616799941
2018-02-12,23.200000000000077,16.033333333333097,3704.294374999991,21.399375000000056,6807041.637600113
2018-02-13,28.066666666665697,12.799999999999727,5203.44645833333,98.30687499999996,7369227.7815999715
2018-02-14,23.233333333332308,17.166666666666984,4802.895833333361,71.18874999999949,6812921.467399984
2018-02-15,23.733333333333977,12.633333333333532,4885.84354166668,82.36874999999951,6871440.090999999
2018-02-16,22.03333333333406,15.233333333333428,4780.681458333347,86.25916666666639,6597906.528600105
2018-02-17,25.700000000001054,11.099999999999877,4408.330625000019,82.27854166666762,6640376.635399956
2018-02-18,24.26666666666629,12.699999999999886,4378.563124999995,76.1793750000003,6951826.8686000565
2018-02-19,25.29999999999996,17.566666666666375,4713.184375000018,73.32041666666619,7264173.570399906
2018-02-20,28.699999999999985,14.099999999999808,5001.474375000068,76.49354166666637,7403757.637399871
2018-02-21,30.133333333334544,14.300000000000363,5186.725625000043,83.55583333333354,7709879.014800095
2018-02-22,31.300000000000068,19.0666666666668,5566.961041666662,87.16604166666644,8793725.247800136
2018-02-23,34.4000000000009,21.00000000000004,5680.347708333321,84.32250000000015,9749086.22939996
2018-02-24,31.13333333333382,22.333333333333712,4967.768125000002,74.07979166666682,9062815.003600027
2018-02-25,20.549999999999518,15.666666666666647,4012.7112500000085,55.59958333333337,6590234.354599962
2018-02-26,26.666666666666163,14.499999999999986,4914.681874999999,75.37770833333356,7052241.347600072
2018-02-27,32.00000000000062,13.26666666666645,5328.928541666686,70.47104166666674,8317168.140600047
2018-02-28,31.133333333334924,20.39999999999984,5141.673749999969,67.41770833333361,8096428.360200098
2018-03-01,21.266666666666573,15.866666666667092,4432.2427083333505,66.6583333333336,6946349.9609999815
2018-03-02,23.599999999999316,14.300000000000129,4372.805208333336,85.1633333333338,6982452.717799999
2018-03-03,33.43333333333296,13.233333333333247,4629.012708333326,80.30062499999993,7403899.396599978
2018-03-04,21.533333333332425,14.766666666666369,4724.230416666666,78.96083333333374,6451013.8325999575
2018-03-05,21.499999999998856,13.300000000000095,4889.90979166667,50.510833333333466,6740521.537199924
2018-03-06,27.033333333333935,12.400000000000173,5049.0660416666415,88.07562499999977,6755019.162399891
2018-03-07,28.400000000000357,12.833333333333098,5656.636458333344,60.99645833333284,7463725.4982001055
2018-03-08,30.1499999999998,13.333333333333515,5405.846458333342,78.08208333333357,7974461.067200133
2018-03-09,28.65000000000038,12.833333333333334,5477.041458333335,134.55604166666689,8153783.002400119
2018-03-10,34.59999999999966,12.86666666666646,4812.118125000008,120.44770833333345,8802687.151599918
2018-03-11,23.700000000000824,17.333333333333016,3910.8035416666667,73.30291666666639,7212671.938200116
2018-03-12,21.133333333333226,15.933333333333191,4486.0960416666585,69.60104166666655,6589530.83919994
2018-03-13,21.200000000000575,14.466666666666319,4694.317708333319,76.24020833333293,6778670.716600122
2018-03-14,21.34999999999951,13.29999999999996,4758.139583333333,96.57604166666677,6800734.438999972
2018-03-15,21.39999999999967,14.133333333333631,4835.219583333314,100.72520833333441,6952468.829399955
2018-03-16,23.833333333332778,10.83333333333331,4845.181041666693,92.31000000000039,6922597.7158001885
2018-03-17,32.63333333333341,14.59999999999972,4613.130000000014,74.6068749999999,8151090.619000115
2018-03-18,22.73333333333294,21.46666666666594,4052.6127083333427,61.721250000000076,6977150.07760007
2018-03-19,27.433333333332342,12.03333333333319,4650.747708333383,75.83791666666698,6933363.121399844
2018-03-20,18.83333333333351,15.033333333333733,4616.427500000005,72.29437500000003,7043184.402799995
2018-03-21,24.03333333333285,12.366666666666516,4635.596458333344,69.86166666666689,6808444.719000109
2018-03-22,27.066666666666784,10.733333333333272,4792.521041666666,75.8887500000006,6891633.67659993
2018-03-23,29.79999999999938,13.50000000000021,4970.763541666669,77.1916666666668,7402698.495999995
2018-03-24,24.800000000000114,19.30000000000016,4679.695624999979,71.15666666666631,7384519.299799856
2018-03-25,25.200000000000728,17.533333333333125,4121.6047916666685,39.31229166666667,6766091.90519998
2018-03-26,18.666666666666103,10.333333333333547,4687.008958333326,68.61749999999995,7351652.018600048
2018-03-27,22.50000000000085,8.766666666666689,4867.056875000013,63.97395833333329,7119118.889000032
2018-03-28,30.20000000000003,11.26666666666656,4906.000208333365,69.7464583333335,7066847.108800105
2018-03-29,22.06666666666634,15.700000000000438,4852.385833333347,79.0256249999993,6842283.031000035
2018-03-30,23.399999999999824,12.00000000000016,4044.5977083333146,68.45604166666679,6297011.141800094
2018-03-31,21.500000000000522,13.00000000000019,4153.651666666641,80.41770833333385,6133139.153600088
2018-04-01,28.23333333333418,11.566666666666647,4722.403541666666,77.29958333333326,6424983.484000152
2018-04-02,20.800000000001297,13.899999999999915,4419.413958333348,97.84729166666716,6432014.378600088
2018-04-03,20.233333333333576,13.30000000000007,4222.258333333305,72.03895833333353,6960387.460399993
2018-04-04,21.066666666666315,12.400000000000185,4832.275416666655,88.08437500000056,6797405.747200007
2018-04-05,18.69999999999985,12.266666666666517,4869.6025,52.698750000000295,7154624.920399945
2018-04-06,20.899999999999363,12.900000000000102,5641.058749999992,116.11020833333338,6973260.699800068
2018-04-07,21.200000000000127,8.866666666666509,5357.540624999998,54.027083333333685,6515876.854399911
2018-04-08,30.500000000001073,10.233333333333178,4843.257291666663,42.57916666666684,6707249.532800095
2018-04-09,24.53333333333384,15.20000000000039,5341.336874999951,116.80312499999997,7045430.009000014
2018-04-10,29.200000000001246,13.900000000000212,4803.921666666671,95.84312499999955,7563196.281000092
2018-04-11,28.100000000000318,17.79999999999983,4018.0260416666906,89.39770833333323,7420533.316800027
2018-04-12,26.300000000000956,14.500000000000028,4654.9197916666535,91.78874999999945,7429125.6205999255
2018-04-13,26.299999999999397,10.466666666666788,4733.740000000035,69.41020833333316,6855408.06499989
2018-04-14,15.86666666666707,12.399999999999887,4380.637708333337,35.76229166666664,7942554.593399959
2018-04-15,18.933333333333035,8.700000000000223,4338.474583333325,29.195208333333436,8033127.673400069
2018-04-16,21.033333333333907,13.066666666666881,4820.609999999997,65.82062500000015,7759839.296200037
2018-04-17,16.133333333333212,12.850000000000213,5045.535624999969,84.86770833333335,7848784.745599994
2018-04-18,20.2999999999998,4.6666666666667185,5032.703124999989,81.67916666666697,7520698.812200018
2018-04-19,21.76666666666743,9.433333333333552,5018.7056250000005,92.2214583333333,7279075.145800187
2018-04-20,20.200000000000728,8.399999999999931,4930.170416666644,94.20395833333359,7231919.4514001515
2018-04-21,21.633333333333912,9.933333333333252,4478.3025000000225,73.84416666666648,7093300.226800219
2018-04-22,20.03333333333415,10.500000000000007,4319.252083333337,75.53979166666626,6915681.989599936
2018-04-23,24.866666666667534,10.900000000000173,4908.332083333371,72.12708333333308,7224303.795800134
2018-04-24,24.933333333333223,13.199999999999722,4901.776874999958,85.42937499999975,7409698.012600132
2018-04-25,20.29999999999967,15.750000000000007,4443.9564583332985,76.6058333333334,6958656.5802000575
2018-04-26,17.999999999999613,10.966666666666773,4900.729583333316,80.21395833333334,7697283.794400071
2018-04-27,17.999999999999435,10.100000000000003,4961.644375000029,77.4416666666669,7763107.242599947
2018-04-28,17.89999999999951,6.433333333333353,4525.557499999973,69.33187499999993,7395658.23100009
2018-04-29,18.29999999999945,10.666666666666668,4386.571458333347,62.97062499999985,7404889.742599999
2018-04-30,18.90000000000048,7.333333333333491,5064.653541666659,76.08895833333352,7781859.189600158
2018-05-01,24.433333333333792,5.46666666666662,5135.322291666694,88.09916666666619,7845116.457600021
2018-05-02,23.9000000000001,10.866666666666582,5269.414999999976,102.01520833333397,7759194.70999994
2018-05-03,24.500000000001076,13.600000000000074,4688.636875000011,69.9583333333335,7702370.429400136
2018-05-04,16.933333333333362,10.900000000000146,4897.987291666661,86.97645833333276,8321907.3932
2018-05-05,21.233333333332386,11.533333333333198,4453.874791666669,57.55708333333325,7798363.539799906
2018-05-06,21.300000000000633,9.966666666666788,5540.630416666667,104.02333333333388,7453205.343000037
2018-05-07,19.599999999999504,11.366666666666585,5244.233333333311,49.92708333333321,8323399.489399912
2018-05-08,17.333333333333805,13.000000000000488,4371.349166666665,32.492708333333304,7827152.893999892
2018-05-09,18.56666666666694,6.900000000000063,4929.464791666632,106.85187500000102,8726291.207800172
2018-05-10,12.766666666666966,8.200000000000063,4690.689374999985,103.26020833333342,9815697.985800093
2018-05-11,14.649999999999809,7.433333333333231,4458.919791666667,102.84916666666685,10779782.910400005
2018-05-12,16.96666666666749,11.499999999999984,4759.380000000026,85.16854166666721,8900497.462199993
2018-05-13,16.266666666666424,12.466666666666326,4530.4045833333485,64.16874999999975,8332080.779000036
2018-05-14,15.133333333334058,5.566666666666635,5411.914791666627,108.35437500000045,9307462.399199793
2018-05-15,14.966666666666487,8.466666666666743,5495.855000000031,95.43041666666682,9938276.338399835
2018-05-16,14.466666666666603,8.100000000000131,5558.301250000035,119.39312499999942,10043042.4348
2018-05-17,14.75,11.16666666666699,5489.881458333332,105.95833333333303,9889572.346399989
2018-05-18,17.233333333333576,11.849999999999676,5306.398958333316,95.13270833333324,9195230.8334001
2018-05-19,15.600000000000414,9.999999999999806,4969.256041666684,93.21979166666652,9429522.546200009
2018-05-20,16.166666666666895,10.86666666666638,4681.219166666678,76.6589583333333,9563808.171400083
2018-05-21,16.350000000000072,12.033333333333252,5168.616874999986,79.17062499999962,9563311.325199923
2018-05-22,16.599999999999486,12.649999999999874,5288.4581249999765,89.37937500000021,9476157.011399876
2018-05-23,15.199999999999736,11.499999999999687,5389.701250000007,116.4583333333334,9516362.896000078
2018-05-24,15.899999999999851,12.700000000000054,5398.080833333342,97.64374999999983,9379603.7372002
2018-05-25,14.666666666666549,9.800000000000113,5331.565416666666,90.87874999999973,9071510.529000029
2018-05-26,19.86666666666618,3.566666666666592,4807.670208333344,73.33479166666699,8989459.078600002
2018-05-27,20.866666666666337,6.933333333333251,4418.52125000002,51.451041666666825,8542968.409399912
2018-05-28,20.350000000000364,13.733333333333073,4973.344374999988,66.19499999999998,8768314.123799995
2018-05-29,17.4000000000007,12.999999999999963,5130.9483333333255,75.65270833333356,8870017.360600043
2018-05-30,14.79999999999977,6.6999999999999735,5326.275833333344,80.95104166666647,9797901.26140009
2018-05-31,14.833333333333387,9.050000000000114,5464.997708333331,87.05458333333378,9860222.84299982
2018-06-01,14.066666666666682,2.7666666666667123,5571.076874999986,70.9927083333336,10278178.47760007
2018-06-02,13.633333333333665,2.699999999999944,5730.821874999992,100.59437499999997,10022736.795000019
2018-06-03,14.166666666666119,3.6999999999999327,4743.783750000017,59.99354166666637,10018230.426800162
2018-06-04,14.66666666666634,3.8333333333332944,4832.461249999993,84.06020833333301,10201862.484800108
2018-06-05,15.5,7.166666666666702,4410.016249999987,60.69520833333318,9762542.748999963
2018-06-06,18.599999999999607,3.6666666666667473,5501.601041666663,103.78020833333372,9835266.627000028
2018-06-07,17.733333333332553,7.099999999999868,5176.771666666671,50.767500000000034,9890492.590000084
2018-06-08,13.633333333332759,12.666666666666433,5299.949166666657,77.08020833333376,10275730.015800124
2018-06-09,15.800000000000175,10.299999999999777,4852.807083333289,135.35729166666727,9240943.949999828
2018-06-10,14.699999999999294,3.0666666666666194,4291.172708333353,98.72500000000086,9327267.50499992
2018-06-11,17.23333333333313,3.50000000000014,4195.690208333363,112.63479166666713,9656223.294399826
2018-06-12,16.333333333333563,7.5666666666664035,5643.844166666624,113.69979166666708,10110584.142799769
2018-06-13,14.366666666666742,8.733333333333475,5482.275208333319,81.07583333333324,10525943.79540001
2018-06-14,14.799999999999825,8.133333333333622,5439.353541666645,69.82604166666668,10590559.825400079
2018-06-15,13.633333333333583,9.100000000000065,5542.04208333329,72.37791666666632,11104664.144600214
2018-06-16,12.96666666666662,6.66666666666641,5181.301458333318,79.17416666666638,11166561.21659984
2018-06-17,13.46666666666639,7.333333333333411,5032.73312500003,59.27208333333333,11423589.014399806
2018-06-18,12.366666666666458,9.199999999999772,5771.613958333295,105.7943750000002,11308542.33280008
2018-06-19,14.100000000000302,1.5666666666666194,5992.921666666657,106.29687499999987,11465589.126999917
2018-06-20,15.60000000000031,3.1666666666668006,5887.744999999954,87.7212500000003,11607024.39860003
2018-06-21,14.73333333333334,2.5666666666666313,5980.917500000036,134.62729166666605,11131905.041600127
2018-06-22,14.96666666666694,3.833333333333325,5845.683333333363,127.59770833333438,11140650.300800025
2018-06-23,13.06666666666691,5.500000000000008,5506.892708333335,96.91354166666615,11386808.55660002
2018-06-24,12.799999999999482,8.333333333333256,5243.774166666646,91.48395833333309,10756613.804399624
2018-06-25,13.233333333333062,8.866666666666722,5915.529791666699,115.25187499999984,11081519.866799988
2018-06-26,13.199999999999957,7.833333333333327,5951.7666666667155,98.92937500000014,10921969.389200227
2018-06-27,10.899999999999942,3.5333333333334305,6170.838750000025,100.76229166666614,11722671.343799978
2018-06-28,9.933333333333177,3.4333333333333296,6268.561250000052,109.61312500000058,12094920.195200114
2018-06-29,12.500000000000265,3.5666666666665994,5799.519999999987,77.30458333333307,11692937.41919971
2018-06-30,14.066666666667135,8.933333333333264,5224.767708333322,70.85979166666631,11111945.814199802
2018-07-01,14.299999999999935,2.7333333333333485,4464.283958333328,79.57791666666643,10699604.522800148
2018-07-02,14.766666666666746,0.9666666666666806,6637.80479166664,489.37749999999824,11582008.97579983
2018-07-03,14.999999999999446,4.366666666666656,5113.229166666642,71.9608333333332,11463640.020999962
2018-07-04,17.49999999999917,10.700000000000054,4414.103125000006,82.94020833333326,10538916.499399897
2018-07-05,18.933333333333653,12.133333333333443,4927.27312499998,46.5641666666669,9842761.389200201
2018-07-06,14.800000000000704,11.199999999999704,5357.401250000035,84.77416666666663,9740345.550400158
2018-07-07,12.633333333332791,8.799999999999887,4988.226458333338,42.569375000000036,10805335.658399967
2018-07-08,13.93333333333295,8.8333333333332,5493.792291666673,72.60083333333336,10436197.520999784
2018-07-09,13.69999999999986,8.90000000000017,5149.313333333346,156.39291666666674,10721384.812199958
2018-07-10,11.333333333333618,8.833333333333263,4186.529375000024,84.96958333333356,11027981.468400024
2018-07-11,11.466666666666546,5.90000000000015,4432.799791666694,94.1558333333334,11782166.758599764
2018-07-12,11.366666666666182,3.4999999999999902,6527.016874999902,158.83604166666763,11617326.229799911
2018-07-13,13.799999999999853,4.466666666666708,5855.9562499999565,100.48687499999969,11097800.686599977
2018-07-14,15.066666666667128,3.4333333333334113,5187.147083333339,82.47166666666672,10521330.417199979
2018-07-15,14.266666666666975,5.933333333333176,4977.679791666652,62.64000000000001,10570290.475799968
2018-07-16,13.200000000000403,7.449999999999894,5726.947916666679,81.1533333333332,11764743.12879974
2018-07-17,17.699999999999886,8.233333333333434,5473.628749999998,66.88979166666662,10745430.397200165
2018-07-18,15.266666666666977,6.300000000000214,5535.696666666667,70.2027083333334,10699301.87000007
2018-07-19,17.533333333333335,8.30000000000019,5574.101874999965,79.18458333333302,10627641.997799976
2018-07-20,11.966666666666201,6.266666666666804,5655.350208333301,86.54020833333364,11505025.494000034
2018-07-21,13.900000000000013,5.400000000000092,5247.025833333318,90.17250000000026,10971487.206599886
2018-07-22,14.949999999999758,7.650000000000038,4757.783333333344,68.69833333333355,10162695.323000032
2018-07-23,14.666666666666965,7.933333333333185,5611.027291666694,74.1241666666668,11752495.51620018
2018-07-24,15.599999999999811,8.366666666666859,5540.299583333302,67.52104166666642,10999563.11480003
2018-07-25,15.266666666666424,7.633333333333035,5637.845625000047,72.65937500000001,10451725.058799868
2018-07-26,15.249999999999613,6.566666666666702,5734.755208333335,83.76895833333333,10417998.141999934
2018-07-27,19.149999999999636,8.74999999999997,5421.645833333331,68.99062499999994,9583238.869999925
2018-07-28,19.266666666666723,6.466666666666602,4872.6225000000195,55.73208333333319,8953464.994000183
2018-07-29,14.300000000000182,9.999999999999925,4648.125000000003,26.00562500000009,9862663.392400032
2018-07-30,13.100000000000456,7.566666666666678,5642.588958333332,55.49937499999992,11284873.80479995
2018-07-31,16.00000000000031,8.033333333333436,5396.666458333322,56.06874999999996,10358277.744000113
2018-08-01,14.633333333333606,8.2333333333332,4951.336249999979,86.91000000000031,9955620.29140012
2018-08-02,15.999999999999725,3.8999999999999857,6228.042083333306,103.01062499999952,10129924.904999865
2018-08-03,18.733333333333608,8.333333333333263,5363.857916666669,92.52854166666722,10431707.570799986
2018-08-04,15.066666666666697,7.699999999999794,4190.4652083333385,53.98270833333376,10008435.849199936
2018-08-05,17.699999999999385,10.166666666666519,5119.869374999984,99.09291666666586,8876636.874400137
2018-08-06,14.033333333333076,8.866666666666424,5412.917291666648,120.97750000000029,10507388.906800028
2018-08-07,14.79999999999993,7.033333333333326,4773.425625000007,44.35979166666669,10802377.06979997
2018-08-08,16.266666666666733,9.466666666666447,5497.479166666686,82.08437500000021,10662212.830800213
2018-08-09,15.066666666667139,4.666666666666707,4581.192291666638,105.80583333333342,10889587.871200202
2018-08-10,19.79999999999992,9.233333333333292,4747.729166666672,85.36312500000119,9125377.064999973
2018-08-11,14.0000000000004,7.950000000000055,4559.598750000021,90.22624999999984,10044010.17859996
2018-08-12,14.43333333333364,4.233333333333259,5051.561249999981,110.44562500000009,10302176.590200175
2018-08-13,14.9499999999999,7.599999999999899,5314.232083333335,74.7310416666667,10282560.534999898
2018-08-14,17.066666666666908,9.133333333333276,5044.727083333354,66.16104166666663,9172024.723399835
2018-08-15,17.733333333333942,11.533333333333607,5108.421458333312,64.0093750000004,9594809.210600024
2018-08-16,14.633333333333265,7.733333333333424,5464.0443749999995,90.72333333333336,10037633.262000134
2018-08-17,15.80000000000028,6.6666666666666545,5216.230833333333,75.21041666666699,9673821.18280002
2018-08-18,13.93333333333287,8.099999999999927,4857.13583333332,34.670833333333555,10145457.338999791
2018-08-19,12.049999999999887,6.499999999999894,4987.830416666669,42.61854166666648,11292131.62200004
2018-08-20,12.33333333333352,4.800000000000111,5788.2660416666795,96.40729166666677,11705015.958799945
2018-08-21,12.433333333333136,7.200000000000088,5767.6770833333385,113.65958333333393,11022501.437199928
2018-08-22,13.75,7.399999999999992,5676.7018750000325,101.10875000000027,10385596.470599867
2018-08-23,16.066666666667107,3.6333333333334314,5498.196875000007,84.65208333333405,9914919.151999956
2018-08-24,15.233333333333508,2.5333333333333705,5425.455833333324,94.63229166666679,9526967.653999884
2018-08-25,14.899999999999688,2.2000000000000686,4852.990624999984,115.16125000000072,9138659.269199934
2018-08-26,14.233333333333576,4.433333333333371,4643.177708333313,101.52333333333313,9446626.640199918
2018-08-27,12.966666666666125,5.233333333333301,5470.035416666632,100.9106250000001,10333177.274800219
2018-08-28,11.900000000000782,1.3000000000000158,5815.128958333364,115.22354166666605,10955683.982599977
2018-08-29,12.799999999999814,-0.9666666666666475,5668.00666666668,112.89249999999971,10712048.962800099
2018-08-30,16.03333333333406,3.066666666666617,5823.022708333266,90.23729166666679,12045657.568399772
2018-08-31,16.100000000000062,8.233333333333375,5436.121458333331,114.58937500000027,10595274.256599905
2018-09-01,13.750000000000234,9.766666666666525,4640.043749999984,76.14541666666658,10007611.694800004
2018-09-02,12.333333333333078,4.133333333333302,5712.577916666697,112.79562500000101,10244022.409799827
2018-09-03,13.300000000000242,4.066666666666628,5325.228541666647,97.69312499999988,10174530.756400201
2018-09-04,18.90000000000041,2.000000000000069,4945.955208333318,89.18750000000078,9351287.196199922
2018-09-05,19.966666666666505,6.566666666666817,5113.3941666666415,120.81604166666587,8520955.883599991
2018-09-06,20.33333333333369,12.849999999999676,5009.674791666667,109.1341666666679,8528174.242199996
2018-09-07,14.833333333332659,7.599999999999881,5578.103125000015,77.50979166666697,8807794.843800053
2018-09-08,17.300000000000484,3.5333333333332666,5652.957916666673,79.26750000000003,8619013.594199883
2018-09-09,18.066666666666872,9.666666666666629,4493.289583333343,60.77625000000029,8683621.429999914
2018-09-10,17.799999999999518,11.899999999999823,4852.054583333283,98.23333333333325,8527844.61659992
2018-09-11,24.499999999999957,7.600000000000259,4687.789583333336,101.38374999999961,7377645.9132001605
2018-09-12,18.300000000000484,10.300000000000283,4256.7131250000475,78.81249999999977,7531764.796399998
2018-09-13,20.333333333333183,6.766666666666533,4911.690208333345,82.58770833333303,7670462.512400001
2018-09-14,22.966666666667777,9.56666666666665,4633.881250000006,33.121249999999655,7243471.575999766
2018-09-15,13.99999999999977,9.833333333333334,4526.348124999978,2.0077083333333134,9095760.813399803
2018-09-16,14.133333333333157,4.633333333333263,4709.583541666671,77.95395833333362,9395029.0604
2018-09-17,18.599999999999707,5.80000000000012,4925.343333333347,66.8814583333331,8544935.43139983
2018-09-18,20.666666666666814,11.100000000000048,4984.261875000031,80.70812499999961,8777688.230800077
2018-09-19,14.966666666666944,7.300000000000038,5157.823750000016,97.52124999999954,8793518.050000062
2018-09-20,16.900000000000677,3.4333333333333735,5222.315416666688,112.85833333333301,8637226.32520002
2018-09-21,18.69999999999998,7.733333333333165,5015.520000000005,109.13479166666679,8155891.541399865
2018-09-22,17.63333333333365,5.766666666666611,4488.821666666669,81.87562499999984,7532189.740999947
2018-09-23,14.266666666666424,9.433333333333612,4472.170833333354,76.8460416666664,8620259.345600072
2018-09-24,15.533333333333289,4.2333333333334,4980.6547916666905,91.34708333333272,8772406.490599882
2018-09-25,14.366666666666756,8.366666666666578,5199.878541666673,115.93104166666659,9204803.477400016
2018-09-26,18.30000000000011,3.933333333333358,4968.264374999979,118.80791666666704,8132099.928399931
2018-09-27,24.699999999999445,7.633333333333268,4619.944583333329,97.10770833333257,7228882.756800055
2018-09-28,15.149999999999773,9.13333333333352,4525.934166666676,88.35291666666639,8443458.065999895
2018-09-29,14.049999999999839,4.866666666666592,4554.794374999997,83.83000000000024,8756008.008000057
2018-09-30,16.099999999999557,6.46666666666664,4426.509583333343,84.27624999999976,8012662.283399794
2018-10-01,22.800000000000427,3.2333333333333005,4855.418333333322,78.78291666666728,7589242.980799971
2018-10-02,26.49999999999935,10.599999999999776,4921.408333333334,83.06562499999997,7419084.419199924
2018-10-03,17.166666666666647,14.566666666666654,5016.620208333366,90.26479166666678,7673562.663600078
2018-10-04,15.399999999999896,10.566666666666833,5100.95874999999,74.00333333333347,8186881.868000027
2018-10-05,19.73333333333383,9.366666666666545,5354.937708333339,59.62645833333311,7193838.8150000535
2018-10-06,23.03333333333225,7.166666666666664,4876.577708333317,74.51625000000054,6569775.780799915
2018-10-07,24.6000000000001,7.666666666666631,5847.624791666701,91.06687500000022,6497678.0912000695
2018-10-08,27.466666666666626,11.933333333333175,5078.139791666658,54.46687499999984,6704423.680000106
2018-10-09,17.533333333333818,15.349999999999818,5130.526041666686,89.69833333333348,7855856.545199795
2018-10-10,16.25,9.833333333333472,4564.628333333303,71.52562500000029,7719455.606599964
2018-10-11,19.900000000000805,7.29999999999993,4175.14791666665,85.79666666666677,7093805.830199794
2018-10-12,22.033333333332784,6.633333333333524,4616.823541666638,93.98479166666729,6610560.233399982
2018-10-13,24.766666666666556,8.29999999999986,4024.364375000045,73.85750000000014,6176783.362800013
2018-10-14,27.83333333333451,11.466666666666784,3788.2756250000266,54.95499999999995,6218996.544599944
2018-10-15,27.966666666666686,17.666666666666668,4502.92812500001,77.33291666666632,6906213.736599922
2018-10-16,22.99999999999974,19.60000000000023,4745.392083333325,86.372916666666,7393435.573599909
2018-10-17,22.966666666665798,15.399999999999482,4691.344166666677,120.10083333333291,6854085.876599927
2018-10-18,21.16666666666774,14.40000000000025,4700.274374999974,163.20187500000014,7146211.2778000515
2018-10-19,28.033333333333943,11.666666666666686,4497.506666666638,101.49354166666767,6528767.066599924
2018-10-20,16.06666666666593,11.200000000000289,4140.368958333362,93.53437500000018,7194091.243399916
2018-10-21,18.933333333333007,7.333333333333342,4101.147083333302,80.50874999999952,6579597.784199934
2018-10-22,27.366666666667513,7.966666666666673,4412.233958333281,82.43979166666645,6478411.2342001395
2018-10-23,18.900000000000244,11.69999999999969,4551.731874999991,89.99499999999978,6912300.055000096
2018-10-24,16.43333333333329,8.033333333333356,4642.640208333328,91.68333333333335,6974542.151399828
2018-10-25,19.066666666667118,5.333333333333234,4683.932916666638,113.65520833333355,6778727.268400026
2018-10-26,18.599999999999554,7.700000000000107,4631.046666666655,110.31687500000001,6877350.079599997
2018-10-27,19.899999999998833,9.733333333333126,4082.249374999982,96.97708333333283,6920581.286400063
2018-10-28,16.300000000000193,8.966666666666294,3984.3339583333245,107.96645833333353,6600711.182200062
2018-10-29,18.166666666667226,8.933333333333085,4591.525625000026,141.380416666666,6747273.669799963
2018-10-30,24.83333333333241,7.166666666666664,4727.459375000004,148.19583333333352,6604276.69460008
2018-10-31,20.06666666666707,12.733333333333285,4766.78104166666,119.62208333333395,6872670.14500016
2018-11-01,34.06666666666745,11.333333333333334,5816.996041666687,84.50645833333266,7606860.1345998645
2018-11-02,31.89999999999942,15.86666666666637,4185.012083333293,65.65624999999993,7836412.180600028
2018-11-03,20.733333333333086,12.066666666666244,4353.590833333337,73.87312500000027,6178311.003000047
2018-11-04,20.76666666666795,7.9999999999999964,5081.041458333327,73.95104166666646,6269109.739200148
2018-11-05,29.06666666666702,14.133333333333002,5561.140416666701,60.398958333333276,7041136.343399921
2018-11-06,21.56666666666673,15.59999999999989,4725.874374999998,54.72333333333306,6922601.2249998385
2018-11-07,16.80000000000067,10.266666666666689,5977.546875000025,79.16520833333333,7070054.326599826
2018-11-08,17.800000000000118,7.133333333333236,4999.530624999984,61.67208333333356,7162634.409400118
2018-11-09,20.0,7.533333333333278,4629.022083333334,64.66479166666645,7314898.694199974
2018-11-10,19.766666666666676,8.5,4601.347083333326,83.71499999999995,6327533.295999975
2018-11-11,20.133333333332843,8.199999999999925,3941.787083333334,74.66624999999983,6003072.557000027
2018-11-12,30.20000000000054,9.399999999999915,4767.241041666642,115.31104166666611,7016431.230399907
2018-11-13,31.133333333332505,16.86666666666653,5007.719374999986,110.23062499999976,7507749.6266001435
2018-11-14,16.83333333333297,14.566666666666654,4853.649166666643,119.30375000000015,7263051.0755998725
2018-11-15,18.033333333333022,12.633333333333146,4526.180833333328,95.73895833333366,6425690.785599989
2018-11-16,19.0,7.133333333333368,4475.246874999997,96.8462500000005,6249443.456999976
2018-11-17,19.066666666666702,9.399999999999816,3770.788333333326,82.57541666666644,5937060.065800062
2018-11-18,25.9499999999995,9.349999999999957,3835.1304166666578,87.20166666666653,6077411.434399988
2018-11-19,31.533333333334863,12.433333333333136,4749.105624999979,100.51229166666724,7388534.681800097
2018-11-20,27.59999999999964,21.733333333333192,4930.44270833337,107.64062500000007,7613374.19819994
2018-11-21,22.700000000000717,11.66666666666629,4442.424791666683,99.88208333333311,6426220.452600158
2018-11-22,17.16666666666751,9.466666666666804,4469.9512500000055,76.14645833333309,7029860.787400087
2018-11-23,14.699999999999818,10.90000000000005,4732.608333333313,91.16916666666684,8584674.64399999
2018-11-24,17.133333333333223,11.45000000000004,4223.004999999995,108.4975000000003,7364992.491799885
2018-11-25,19.049999999999525,12.466666666666875,4010.0170833333227,115.63541666666687,6734511.19520006
2018-11-26,18.599999999999714,11.00000000000003,4606.150208333334,110.92854166666673,6665566.91960008
2018-11-27,20.900000000000087,13.533333333333026,4571.100833333354,108.38979166666662,6619268.100999943
2018-11-28,21.69999999999967,14.26666666666637,4445.201041666684,96.51812500000025,6433814.046999944
2018-11-29,19.33333333333317,13.833333333333771,4691.114166666658,116.5041666666658,6547551.57280008
2018-11-30,20.333333333333716,14.80000000000022,4584.659166666668,106.26645833333308,6325791.311000049
2018-12-01,32.066666666666194,9.33333333333328,5500.9529166667035,93.26145833333435,6671087.979799723
2018-12-02,19.599999999999486,12.366666666666516,4842.047083333305,92.6010416666677,6238702.605599993
2018-12-03,23.23333333333322,12.099999999999676,4064.2629166666748,63.14833333333327,6889262.126599932
2018-12-04,20.033333333333413,12.966666666666665,4994.859583333346,74.0914583333333,6477301.751600136
2018-12-05,25.89999999999946,13.099999999999666,4636.406458333335,61.33458333333331,6676122.39919984
2018-12-06,35.9333333333343,12.53333333333313,5302.553958333306,74.39791666666726,9670904.819999991
2018-12-07,38.566666666666826,25.33333333333296,6073.629166666706,108.26541666666807,12984149.938000122
2018-12-08,28.86666666666656,22.433333333332815,4801.327083333343,45.995625000000345,9097211.698600102
2018-12-09,20.966666666665834,15.766666666666627,4705.626666666697,79.04083333333311,6885064.605599991
2018-12-10,21.000000000000387,14.999999999999977,4602.388958333358,87.48812500000008,6440956.392000088
2018-12-11,25.36666666666618,12.799999999999613,4756.649791666681,103.71937499999972,6688780.929000008
2018-12-12,34.333333333333705,14.75,5404.811041666665,176.18458333333504,9057714.745200027
2018-12-13,20.399999999999697,16.800000000000114,4791.097083333344,99.86312500000018,7498001.693600007
2018-12-14,22.866666666667356,16.0000000000001,4584.394375000008,91.05083333333333,6961429.867999875
2018-12-15,24.966666666667216,17.033333333333758,4274.047708333315,101.12979166666689,6631577.072799987
2018-12-16,23.033333333333914,16.049999999999574,4129.615624999987,101.04958333333296,6408811.943000014
2018-12-17,21.533333333332298,14.899999999999702,4700.183333333316,99.66770833333261,6707105.955399893
2018-12-18,20.899999999999636,16.10000000000014,4728.546041666666,102.9039583333337,6652547.627399996
2018-12-19,26.300000000000974,16.74999999999999,4996.135208333369,113.49770833333254,7279432.172800002
2018-12-20,21.29999999999984,16.500000000000114,4661.688541666668,74.89229166666645,7042175.019599941
2018-12-21,22.133333333334367,14.966666666666681,4253.163541666664,65.50291666666615,6747139.229800084
2018-12-22,19.06666666666573,13.533333333333088,3863.572499999984,68.59812499999991,6022932.561200104
2018-12-23,25.60000000000097,10.80000000000008,3955.7664583333244,63.55229166666695,6058805.999999985
2018-12-24,33.89999999999983,13.1333333333335,4681.6172916666765,87.6847916666666,8704552.513000008
2018-12-25,24.299999999999407,14.649999999999787,4091.318958333328,54.27062500000028,7494819.326800107
2018-12-26,24.533333333332816,12.333333333333357,4167.38312500001,71.81770833333277,7003035.604599918
2018-12-27,36.133333333334576,14.933333333333104,5406.214166666656,94.92249999999976,10563012.782199845
2018-12-28,36.400000000001455,21.633333333333617,5576.30729166671,113.4458333333338,11035763.118200101
2018-12-29,23.366666666668028,20.23333333333317,4512.087916666673,90.51729166666645,7863555.316399999
2018-12-30,21.900000000000244,17.833333333333783,4150.577708333332,83.2916666666667,6980103.769400009
2018-12-31,23.700000000000585,17.0333333333329,4307.579791666655,84.598541666667,6861545.2186
2019-01-01,25.333333333332405,14.099999999999875,4122.210833333363,76.34208333333373,6810426.126199872
2019-01-02,23.13333333333317,17.966666666667063,4350.949583333299,115.87374999999957,6922957.85619986
2019-01-03,30.200000000000834,15.966666666666795,6820.0849999999755,988.9389583333328,8106776.620200108
2019-01-04,43.19999999999902,16.900000000000112,4867.39291666668,129.8414583333334,10703561.455599952
2019-01-05,21.233333333333576,16.966666666666942,4644.266041666655,88.25500000000025,6486029.136599935
2019-01-06,21.900000000000123,13.333333333332922,5027.22645833337,109.84104166666678,5789064.640799997
2019-01-07,23.73333333333316,16.199999999999655,5440.232499999987,62.48937500000004,6576917.526800043
2019-01-08,24.36666666666671,15.833333333333403,5735.463958333305,97.83854166666697,6962698.2410000535
2019-01-09,20.766666666666268,15.500000000000098,4449.144791666671,70.72374999999982,6199238.051399996
2019-01-10,21.999999999999524,12.033333333333616,4886.053124999979,118.35812499999969,6232401.833000154
2019-01-11,29.800000000000033,11.966666666666757,5437.954375000001,83.69020833333339,7717585.459599868
2019-01-12,25.200000000001,17.866666666666955,4176.415833333352,31.565000000000037,7632928.47900003
2019-01-13,29.966666666666054,14.100000000000508,4243.885000000014,69.47562500000004,7567981.385200041
2019-01-14,33.13333333333376,17.499999999999766,6127.938958333302,173.65875000000034,11366280.056599956
2019-01-15,31.150000000000812,19.0,6354.010208333319,208.89374999999916,11950340.548600007
2019-01-16,26.399999999998787,18.700000000000287,5707.15645833337,176.35833333333386,9670157.628599975
2019-01-17,33.36666666666685,20.133333333333503,6050.478749999988,169.6091666666681,10665498.50560017
2019-01-18,27.933333333333103,21.533333333333108,5620.758749999947,136.2264583333335,9269045.912600001
2019-01-19,23.833333333332256,16.06666666666676,4237.185416666648,80.40416666666675,6432223.697999977
2019-01-20,23.466666666666075,14.633333333333688,4261.797083333346,83.28208333333309,6902534.604800027
2019-01-21,27.166666666666195,18.200000000000415,5438.2487499999825,166.09979166666625,8778649.2036
2019-01-22,29.066666666666308,18.200000000000436,5893.53249999997,255.32354166666724,10147653.716799943
2019-01-23,25.200000000000596,17.366666666666884,5229.214583333321,153.23083333333213,8620327.075000225
2019-01-24,39.26666666666738,16.39999999999996,6495.472708333334,3377.3204166666765,12799633.18759998
2019-01-25,43.76666666666648,21.099999999999653,7037.285208333373,751.0435416666711,15342248.919600295
2019-01-26,26.63333333333248,18.733333333333483,4784.111041666669,165.54958333333295,8613817.111599825
2019-01-27,27.833333333334558,17.666666666666668,4158.398958333325,85.62166666666614,6751848.804599993
2019-01-28,33.266666666665614,14.566666666666823,4682.276249999997,138.67104166666752,8328096.353200012
2019-01-29,37.033333333335044,15.90000000000006,5768.977291666641,172.05312499999883,10217364.26680009
2019-01-30,36.90000000000027,16.033333333333772,5921.3906250000055,176.44250000000056,10642482.557799976
2019-01-31,22.0,17.166666666666654,4594.88375000002,106.25562500000024,6827818.610199858
2019-02-01,23.600000000001064,12.533333333333259,4436.278124999997,90.42708333333346,6216187.73680006
2019-02-02,33.399999999999444,13.833333333333178,5197.877708333338,223.37395833333352,9780694.134200037
2019-02-03,36.66666666666695,18.39999999999973,6094.379791666715,118.14479166666624,11769722.659399996
2019-02-04,23.29999999999982,19.033333333333342,4788.633541666674,118.42916666666733,7897165.280400058
2019-02-05,27.333333333334668,17.366666666667033,4706.183333333333,102.17354166666773,7655529.136400107
2019-02-06,33.59999999999861,17.799999999999994,4920.288749999994,106.12833333333387,9841940.223200098
2019-02-07,28.466666666667532,20.500000000000306,5661.1145833332785,87.42770833333354,9600322.534799933
2019-02-08,23.000000000000576,18.666666666666373,5651.412083333343,105.0406249999999,7307362.441799952
2019-02-09,19.900000000000244,13.749999999999753,5070.7241666666605,89.66374999999978,6316464.12219999
2019-02-10,23.399999999998972,12.166666666666666,4615.034374999972,105.07208333333337,5939385.419399957
2019-02-11,28.0000000000011,13.466666666666793,4408.617708333322,90.6593750000004,6956504.681199859
2019-02-12,21.766666666667525,17.666666666666934,4608.725000000058,27.5829166666665,6770975.757599978
2019-02-13,19.466666666667393,11.199999999999934,4445.5352083333655,84.09770833333361,6275383.8575998945
2019-02-14,23.23333333333458,10.666666666666424,4485.628333333324,106.7697916666664,6206933.704000138
2019-02-15,23.100000000000826,14.499999999999448,4746.269166666627,113.55541666666711,6573705.36960001
2019-02-16,23.866666666666767,15.166666666666849,4436.134791666652,126.90562499999902,6676373.973599992
2019-02-17,28.03333333333285,13.599999999999842,4519.621875000046,107.85062500000042,7326641.4651999725
2019-02-18,23.73333333333182,18.40000000000015,4874.7943750000395,103.0416666666663,7281462.461000162
2019-02-19,20.49999999999963,13.40000000000003,4605.4833333332845,103.42270833333359,6417862.420999938
2019-02-20,23.650000000000304,11.933333333333238,4540.512708333345,110.0914583333335,6469093.1788000455
2019-02-21,20.86666666666749,13.733333333333272,4593.138958333367,113.12791666666718,6460242.71399976
2019-02-22,22.400000000000812,15.233333333333256,4579.239999999966,102.3493749999992,6323953.527600004
2019-02-23,26.133333333333365,15.93333333333377,4162.093750000027,75.33687499999996,6314891.224400026
2019-02-24,33.13333333333271,12.533333333333031,4453.244374999994,80.77166666666673,7635249.319599978
2019-02-25,34.80000000000047,15.833333333333488,5561.525208333341,128.39229166666684,9331740.67440001
2019-02-26,23.066666666665842,17.966666666667066,5129.754791666681,114.26145833333375,7713367.398200111
2019-02-27,27.399999999998744,11.833333333333123,5219.677916666674,114.73249999999982,8006514.997999966
2019-02-28,37.800000000001674,15.433333333333191,6269.677291666705,145.14583333333326,11463455.587800143
2019-03-01,38.733333333332034,23.799999999999972,4949.566875000008,118.89291666666661,13333657.45260008
2019-03-02,36.96666666666671,22.16666666666672,5553.64937500005,180.30833333333266,12931465.64280009
2019-03-03,37.56666666666743,24.466666666667024,5774.903750000001,144.0810416666665,12237267.943400264
2019-03-04,26.09999999999988,18.533333333333772,4799.531666666721,112.38333333333357,8986482.257800143
2019-03-05,24.366666666666493,17.299999999999564,4620.924374999988,100.39958333333446,7759556.469599975
2019-03-06,17.650000000000478,13.033333333333331,5643.243750000012,106.55270833333347,6501146.075399986
2019-03-07,21.600000000000314,9.100000000000222,5721.98750000002,95.69333333333353,6269789.1643999405
2019-03-08,27.46666666666636,11.666666666666503,4997.237500000023,120.7179166666662,6891693.525999927
2019-03-09,24.900000000000095,13.199999999999932,4952.967291666681,108.96729166666692,6476460.587800032
2019-03-10,24.833333333332433,13.566666666666098,4554.702083333315,106.28562499999981,6552129.831799862
2019-03-11,22.299999999999596,16.7500000000001,4036.1256250000006,71.5406250000001,6480871.759600047
2019-03-12,19.233333333333576,14.366666666666367,4545.585000000011,17.931041666666545,6850425.188000021
2019-03-13,18.96666666666622,10.633333333333454,4780.854999999974,120.89124999999932,6814671.810000253
2019-03-14,21.249999999999776,10.76666666666653,4699.40750000003,125.60458333333352,6397797.9345999835
2019-03-15,22.700000000000728,11.200000000000223,4632.463541666665,101.52916666666708,6420689.174000006
2019-03-16,27.16666666666581,11.500000000000119,4379.978333333336,92.82312499999956,6493703.994599942
2019-03-17,25.649999999999984,13.799999999999866,4402.876874999994,102.79416666666638,6946027.896199951
2019-03-18,27.566666666666027,15.399999999999588,5081.432708333381,107.45291666666665,7461870.574999876
2019-03-19,24.466666666668225,17.966666666667262,5137.118124999972,112.05937499999905,7420169.01440002
2019-03-20,23.63333333333382,19.033333333333367,5166.429166666639,124.96624999999953,7579300.815999948
2019-03-21,25.133333333332303,18.1999999999995,5174.225208333318,113.56020833333316,7607379.9579998925
2019-03-22,29.399999999999494,18.166666666666487,5346.068333333346,109.74041666666615,7906571.027000075
2019-03-23,32.16666666666699,18.79999999999997,4547.818750000001,96.94333333333336,7555486.645999983
2019-03-24,30.400000000000432,15.53333333333304,4342.784583333355,97.53250000000025,7293615.548799979
2019-03-25,18.56666666666623,14.600000000000014,4482.663958333314,78.08749999999996,6858344.163000009
2019-03-26,20.499999999999016,11.766666666666532,4535.0074999999915,93.46812500000017,6639455.317399981
2019-03-27,21.333333333333183,10.400000000000073,4721.149791666698,113.4679166666674,6442390.789800117
2019-03-28,28.566666666666798,10.599999999999781,4746.7983333333295,106.90791666666803,6615800.120800061
2019-03-29,29.199999999999516,15.366666666666495,4615.345208333331,81.84812499999988,7072768.864599942
2019-03-30,16.200000000000294,9.466666666666603,4219.277291666683,83.85812499999994,7761595.932199988
2019-03-31,18.79999999999992,9.600000000000339,4213.326458333353,92.11750000000012,7648473.6533999825
2019-04-01,17.166666666666295,12.666666666666652,5553.68583333336,110.1314583333333,7554045.794200091
2019-04-02,26.333333333334668,5.899999999999866,4965.373333333338,108.14104166666628,6876777.499399965
2019-04-03,24.766666666667295,10.033333333333575,5688.700416666682,132.51791666666597,7073929.332800171
2019-04-04,22.73333333333298,12.133333333332871,4740.159791666661,114.36291666666673,6847489.536999994
2019-04-05,29.300000000000924,12.900000000000462,4317.339374999953,101.92229166666695,6938136.804199999
2019-04-06,20.79999999999933,16.266666666666445,5672.880208333352,142.21083333333334,6522615.775000021
2019-04-07,26.79999999999999,8.56666666666657,5632.613541666657,83.14687499999998,6255633.579599968
2019-04-08,23.33333333333278,11.90000000000016,5014.59229166666,123.13958333333373,7044419.933799957
2019-04-09,16.466666666666498,10.666666666666577,5110.533749999957,140.34437500000004,7447742.343400094
2019-04-10,16.533333333333502,10.000000000000178,4896.35666666667,128.23687499999988,8188408.674000102
2019-04-11,17.43333333333253,11.533333333333417,4469.993333333352,78.47604166666619,7389194.340000054
2019-04-12,23.866666666667534,5.666666666666844,4475.029374999996,37.87499999999983,7118066.982999912
2019-04-13,20.466666666666505,9.100000000000218,4415.148124999984,122.15624999999952,7263624.743200167
2019-04-14,22.550000000000125,11.433333333333243,4111.666666666667,110.60687499999987,6509452.981399959
2019-04-15,27.700000000001474,12.433333333333563,4758.123124999998,112.1958333333327,6968150.668999953
2019-04-16,31.23333333333464,17.366666666666518,4808.036458333342,97.52666666666582,7189521.356599913
2019-04-17,30.76666666666562,22.066666666666723,4886.713749999985,96.77000000000044,7693894.151399808
2019-04-18,18.00000000000056,12.266666666667131,4640.002708333352,82.204791666667,6877012.707599951
2019-04-19,21.233333333332975,7.699999999999993,3998.641875000005,76.60687499999982,6350426.557199915
2019-04-20,30.74999999999919,7.933333333333414,3985.598333333342,65.08958333333307,6359220.7842000825
2019-04-21,27.800000000000026,15.633333333333065,3950.444374999987,78.73270833333267,6634411.713199847
2019-04-22,17.466666666666793,14.000000000000046,4176.937916666666,94.5033333333332,7090137.670400124
2019-04-23,18.766666666667074,9.86666666666672,4760.03687500004,88.2916666666666,7505583.665800071
2019-04-24,22.46666666666649,14.550000000000018,4719.342916666679,86.22291666666683,7372737.836800065
2019-04-25,21.16666666666759,9.20000000000008,4088.019374999979,61.45270833333281,6923177.49199994
2019-04-26,15.799999999999825,11.766666666666493,4467.774583333326,57.51666666666638,8153917.727800174
2019-04-27,16.133333333334026,7.866666666666707,4390.622083333337,78.42291666666682,8543671.010599896
2019-04-28,17.49999999999994,12.199999999999864,4210.7262500000015,83.22833333333367,8143489.070799964
2019-04-29,17.599999999999746,10.19999999999992,4929.480208333297,118.84729166666577,8144012.681600082
2019-04-30,23.666666666666668,6.133333333333263,4604.816666666684,95.29708333333393,7755926.433400203
2019-05-01,23.06666666666639,14.43333333333332,4052.616249999982,82.21062499999962,7486179.22699986
2019-05-02,20.700000000000728,16.333333333333215,4987.585208333347,89.27749999999995,7586984.931800056
2019-05-03,20.5333333333344,10.833333333333053,5253.063749999969,118.03083333333204,7220389.0341998
2019-05-04,16.09999999999953,12.500000000000012,4645.197083333331,97.43666666666726,7978847.393199933
2019-05-05,16.766666666666982,10.533333333333308,4365.446041666675,107.29645833333309,8076641.632600191
2019-05-06,17.100000000000318,9.93333333333322,5743.53395833336,150.09499999999932,8437589.410199668
2019-05-07,19.250000000000245,6.766666666666606,5532.262291666683,76.29229166666714,8175800.84900019
2019-05-08,17.166666666666362,10.099999999999731,5235.502291666674,104.03979166666664,8961050.958000042
2019-05-09,16.800000000000683,8.96666666666682,5009.298958333355,97.19770833333338,9410723.25460017
2019-05-10,14.066666666666363,10.36666666666708,4224.417083333311,87.1047916666671,10023674.015999913
2019-05-11,16.13333333333301,9.666666666666814,4034.0416666666806,62.838125000000396,9161698.845799977
2019-05-12,17.599999999999756,11.699999999999866,4495.487083333353,44.317708333333144,8478460.40339983
2019-05-13,18.59999999999923,12.30000000000015,4983.275208333314,74.30833333333338,8649914.08759996
2019-05-14,20.000000000000885,11.099999999999843,5125.221250000004,87.89729166666642,8291440.353599988
2019-05-15,16.333333333333524,10.86666666666638,5261.032291666664,97.50354166666605,8700605.638999978
2019-05-16,16.199999999999694,10.033333333333378,5307.895208333319,96.95104166666634,8660063.945199886
2019-05-17,18.366666666665825,4.666666666666588,5288.926666666653,94.15916666666615,8800874.941600062
2019-05-18,19.900000000000414,4.533333333333336,4707.943124999991,85.38729166666661,8320655.523999957
2019-05-19,22.033333333333967,6.7333333333334835,4335.6187500000115,74.50645833333363,8077336.262999888
2019-05-20,19.36666666666686,10.466666666666747,4947.2258333333675,90.83666666666677,8762673.688399885
2019-05-21,20.200000000000493,10.933333333333362,5073.615416666709,103.1339583333334,8560912.128200129
2019-05-22,21.79999999999878,10.166666666666666,5083.982916666678,113.34916666666591,8101187.041799967
2019-05-23,22.099999999998765,9.39999999999997,4963.254583333333,87.28750000000028,8060170.426399987
2019-05-24,20.66666666666652,14.433333333333346,4955.198541666667,90.6691666666665,8624620.80240013
2019-05-25,19.86666666666602,12.366666666666934,4372.914583333354,72.58687500000043,7843701.495200124
2019-05-26,15.266666666666515,8.633333333333539,4423.059583333335,61.07520833333291,8919317.638000082
2019-05-27,14.20000000000018,7.099999999999917,5426.2206249999745,82.78854166666675,10889195.586800074
2019-05-28,15.43333333333309,7.633333333333605,5574.985624999997,77.51375000000046,10982492.562199784
2019-05-29,10.46666666666707,7.866666666666978,5679.228750000002,78.52499999999942,11613546.867600014
2019-05-30,13.100000000000064,5.399999999999961,5785.713958333335,97.31500000000031,11526005.720600221
2019-05-31,14.133333333332606,8.466666666666722,5577.880833333392,96.96812499999973,10610308.395600105
2019-06-01,14.300000000000304,11.499999999999996,3900.25895833332,65.23166666666654,9739149.488799889
2019-06-02,14.14999999999999,10.866666666666479,5854.075625000008,134.74666666666639,9971555.89500011
2019-06-03,11.766666666666424,8.200000000000141,4530.150624999983,73.51187499999965,11739733.131600158
2019-06-04,13.000000000000064,6.7999999999998515,4259.5685416666465,101.61624999999933,11230212.108600106
2019-06-05,13.000000000000137,8.650000000000203,5063.978541666643,111.05812499999996,11235498.317999976
2019-06-06,14.866666666665969,10.166666666666684,5623.823958333344,155.51208333333307,10400854.52419996
2019-06-07,16.066666666667178,11.350000000000207,4777.537500000021,63.17979166666668,9696174.870999927
2019-06-08,18.900000000000805,4.866666666666731,5505.016249999995,85.37208333333378,9563456.838399926
2019-06-09,17.966666666667056,7.633333333333274,5092.612083333352,66.66895833333291,9048558.011600167
2019-06-10,18.466666666666974,11.700000000000275,3875.4727083333382,48.51750000000046,8818227.905400023
2019-06-11,18.2666666666667,8.966666666666606,4349.224166666674,57.09000000000048,9127523.097000055
2019-06-12,16.350000000000062,11.700000000000015,4376.207708333325,40.31541666666687,10175092.881799938
2019-06-13,16.833333333333666,7.999999999999805,5355.632916666632,76.31124999999975,9467132.261799904
2019-06-14,17.10000000000035,9.800000000000075,5339.716458333312,84.31625000000032,9674016.842800042
2019-06-15,15.333333333333545,7.866666666666744,5045.743541666687,102.66916666666701,9744770.7996
2019-06-16,16.599999999999756,8.533333333333482,4867.141249999976,106.84708333333384,9563432.452200018
2019-06-17,17.55000000000025,6.000000000000159,5415.538124999972,104.94458333333334,9999084.552199962
2019-06-18,13.16666666666641,8.766666666666525,5746.759166666714,96.32125000000032,11372726.888799913
2019-06-19,11.46666666666627,4.600000000000098,6030.713333333328,150.43562500000039,11652396.975000048
2019-06-20,10.599999999999506,6.133333333333239,6192.066458333312,139.4202083333331,12157060.181000212
2019-06-21,12.766666666666382,5.333333333333341,6021.013749999976,121.94062499999973,11675029.348199744
2019-06-22,12.166666666666401,5.533333333333239,5534.55375000002,110.16187500000007,11399605.09960002
2019-06-23,9.166666666666567,2.8000000000000163,5563.555000000032,124.90312499999928,11806851.438600104
2019-06-24,14.399999999999977,2.833333333333248,6119.0333333333365,114.37395833333294,11912010.972199917
2019-06-25,17.033333333333108,1.400000000000028,6075.302083333333,120.48999999999954,11636788.248400064
2019-06-26,17.80000000000037,2.9666666666666206,5806.315000000019,103.26229166666674,10960998.652799983
2019-06-27,17.29999999999985,5.600000000000025,5459.319166666695,74.86874999999974,10288056.172200019
2019-06-28,18.900000000000382,9.500000000000146,5147.775833333359,60.108333333333064,9280736.035599964
2019-06-29,16.799999999999873,12.96666666666689,4913.505416666633,50.27020833333354,10132449.55260004
2019-06-30,14.199999999999514,8.000000000000048,4839.621458333316,48.912500000000485,10098875.835000105
2019-07-01,14.066666666666316,8.833333333333176,4578.12083333333,83.36187499999994,11032735.473399851
2019-07-02,15.500000000000282,8.566666666666531,5899.731041666668,143.7385416666662,10849953.378799992
2019-07-03,13.733333333333576,6.499999999999986,4771.661041666665,102.08708333333338,10607382.048200056
2019-07-04,13.066666666666238,3.733333333333337,3899.6010416666736,83.83812499999989,10742108.119400213
2019-07-05,16.7999999999997,1.8333333333333133,4846.60145833331,92.65979166666601,10484182.59080002
2019-07-06,18.633333333334146,4.333333333333333,5500.143333333348,135.33249999999973,9366968.506000128
2019-07-07,18.166666666666664,7.699999999999902,4769.578333333295,84.73125000000019,9786327.026400056
2019-07-08,15.433333333333751,9.433333333333248,5679.807499999995,126.36291666666676,9733993.801800022
2019-07-09,14.533333333333067,6.133333333333135,4800.007916666638,70.0018749999997,10574862.88539996
2019-07-10,15.200000000000271,9.366666666666703,4720.679583333336,110.48604166666702,10554556.99720001
2019-07-11,13.899999999999778,7.74999999999997,4797.193333333306,60.73499999999993,11500805.604200007
2019-07-12,15.10000000000031,10.066666666666288,3976.5125000000075,45.21374999999977,11060069.490200004
2019-07-13,11.550000000000182,6.449999999999992,5164.762916666677,79.59145833333345,11721813.491200076
2019-07-14,12.63333333333332,6.1333333333335665,5155.84437500002,79.90479166666637,12070043.385800121
2019-07-15,14.3666666666664,8.433333333333184,5489.13333333336,87.19666666666696,11278934.504400032
2019-07-16,13.933333333332936,9.633333333333464,5539.2404166666665,109.19562500000012,10844120.3883997
2019-07-17,13.566666666666363,9.33333333333348,5639.159166666668,89.44374999999951,11278255.399400074
2019-07-18,14.500000000000218,7.733333333333113,5588.297500000019,83.2931250000002,10665431.961600196
2019-07-19,15.200000000000077,6.966666666666871,5504.244166666694,99.42229166666569,10144837.235399934
2019-07-20,17.06666666666616,7.800000000000206,4637.037708333337,48.78312499999996,9492358.729399946
2019-07-21,15.933333333333154,11.233333333332954,4637.214583333317,55.085416666666845,9535722.086599989
2019-07-22,16.09999999999967,7.033333333333441,5150.76749999995,60.05833333333277,10013521.705400066
2019-07-23,14.999999999999682,9.433333333333373,5375.3591666666825,66.39937500000003,10538699.684800021
2019-07-24,14.50000000000033,5.8000000000001135,5657.60604166667,84.32125000000012,10752879.122399956
2019-07-25,15.599999999999758,8.49999999999999,5539.192916666649,82.26520833333338,10481051.573000073
2019-07-26,14.299999999999818,10.900000000000174,5687.213749999989,88.12791666666699,10720950.26940002
2019-07-27,15.033333333333399,7.100000000000006,5081.612083333336,93.45270833333322,9803215.631000137
2019-07-28,14.533333333333726,4.966666666666835,4933.880624999987,83.19916666666636,9731983.035200026
2019-07-29,14.733333333333329,7.799999999999913,5550.215833333348,93.28624999999982,10252501.194200112
2019-07-30,12.366666666666855,6.7999999999998515,5785.751875000029,106.30145833333307,10832860.436199903
2019-07-31,12.30000000000008,1.7333333333333105,5844.826250000033,145.8879166666673,10938483.767600004
2019-08-01,13.633333333332606,6.133333333333267,4726.920833333355,104.62249999999948,10924345.464399979
2019-08-02,12.800000000000255,9.200000000000198,4888.645624999996,106.85187500000045,10626287.266400056
2019-08-03,13.566666666666505,9.433333333333351,4886.716666666666,106.02020833333215,10405784.193800071
2019-08-04,13.149999999999931,8.266666666666783,4522.651458333345,112.22187499999986,10235092.600600203
2019-08-05,15.599999999999868,9.199999999999772,4950.076666666713,110.0454166666663,10079576.937599996
2019-08-06,13.64999999999999,9.066666666666771,4885.1512499999835,98.26999999999992,11123563.868799986
2019-08-07,13.29999999999967,9.133333333333269,5304.469166666674,98.64833333333306,10670716.364799982
2019-08-08,13.300000000000608,6.166666666666655,5541.863749999974,93.43624999999987,10988092.032799762
2019-08-09,9.666666666666583,7.466666666666658,4874.961249999993,63.24979166666708,12663615.07319999
2019-08-10,12.466666666666192,4.133333333333256,4896.032291666677,126.80270833333346,12290605.681800066
2019-08-11,12.899999999999752,4.4000000000000545,4748.115833333301,78.17166666666644,11498204.43840002
2019-08-12,12.166666666666693,6.34999999999995,4065.7256249999887,40.39249999999998,11169279.887599902
2019-08-13,13.166666666666554,7.999999999999806,5894.761041666679,248.71312499999928,11252919.94059989
2019-08-14,13.700000000000106,8.800000000000109,5611.726458333331,121.80895833333307,10927964.173200274
2019-08-15,16.566666666666908,6.800000000000007,5338.3214583333465,73.92562500000037,10545109.426400136
2019-08-16,16.46666666666683,10.499999999999904,5407.548124999986,95.54562500000003,10568470.00039998
2019-08-17,15.866666666666735,6.866666666666471,4810.858333333344,73.58708333333362,9116651.380799944
2019-08-18,19.199999999999914,8.56666666666645,4617.348958333304,48.54708333333312,9857513.62240007
2019-08-19,12.066666666665972,5.1666666666666465,5461.135416666642,76.15854166666612,11296887.972800298
2019-08-20,15.999999999999444,7.066666666666838,5476.606250000033,59.62104166666644,10878496.401800217
2019-08-21,16.19999999999984,11.399999999999913,5031.128333333323,50.3547916666669,9521998.181200024
2019-08-22,13.200000000000482,9.466666666666454,5320.749583333343,78.73062500000039,9875202.32359986
2019-08-23,15.766666666666485,2.8666666666667444,5281.806875000019,86.23291666666701,9719606.649599977
2019-08-24,18.500000000000565,7.899999999999865,4470.978125000005,50.18458333333346,9101498.103399917
2019-08-25,13.266666666667202,5.633333333333425,4749.179166666671,108.70208333333383,9657658.184399912
2019-08-26,14.233333333333016,4.1333333333334,5529.348541666669,134.83708333333223,10135046.884600177
2019-08-27,15.533333333333317,4.033333333333336,5456.870208333321,124.56020833333358,9807472.168
2019-08-28,13.16666666666675,7.199999999999869,5735.8724999999895,134.29979166666718,11444080.538399797
2019-08-29,12.766666666666962,5.133333333333508,5593.056041666672,129.9924999999996,10532089.948199676
2019-08-30,14.266666666666667,1.1999999999999935,5494.628333333357,173.88333333333253,9910059.22260006
2019-08-31,18.00000000000058,3.6000000000000556,4484.001250000002,71.30645833333338,8709454.459600024
2019-09-01,19.900000000000134,11.166666666666641,4395.143124999968,90.99750000000087,8984808.564599985
2019-09-02,17.799999999999603,8.466666666666562,3986.198750000021,42.37625000000003,8839768.88580002
2019-09-03,19.43333333333242,7.900000000000069,4452.288958333327,94.60166666666666,7629098.231399812
2019-09-04,18.666666666667314,7.133333333333461,4666.626666666679,104.16708333333396,8235771.792000094
2019-09-05,20.4666666666662,7.533333333333315,5083.472291666661,110.86062500000038,7980599.227599871
2019-09-06,15.633333333333498,10.599999999999808,4611.225833333369,67.41041666666676,9185926.01000004
2019-09-07,12.933333333332891,8.26666666666643,5575.1660416666655,120.69916666666728,10030219.00999991
2019-09-08,15.04999999999974,6.63333333333325,5939.796041666649,114.04541666666701,10524412.704400083
2019-09-09,13.049999999999638,6.699999999999779,5435.338125000032,86.12291666666646,10641419.009399915
2019-09-10,14.500000000000329,7.066666666666741,5115.492499999994,129.64041666666697,9609155.694399945
2019-09-11,21.266666666666993,4.300000000000002,4538.532916666653,69.90312500000026,8426979.687800057
2019-09-12,20.266666666666424,11.15000000000023,5329.618124999983,56.36520833333326,8436260.796399988
2019-09-13,17.899999999999263,7.833333333333554,5014.542291666659,107.01687500000044,8558773.588199971
2019-09-14,18.966666666666107,7.699999999999752,4312.539791666659,102.6066666666661,7233458.509199934
2019-09-15,20.566666666666244,11.899999999999821,4381.209166666657,86.18291666666671,8310403.894199916
2019-09-16,12.999999999999718,9.250000000000016,4973.426458333356,128.9747916666668,9214526.60140009
2019-09-17,14.06666666666691,4.033333333333404,5172.059999999998,145.24250000000004,9066447.21660003
2019-09-18,18.3666666666666,3.2666666666667057,4988.154375000016,145.47999999999945,8287382.286599995
2019-09-19,23.633333333332747,6.533333333333411,4504.27333333331,80.15291666666667,7184307.923200064
2019-09-20,25.933333333334154,16.633333333333404,4467.597708333333,102.81499999999976,6755784.615799907
2019-09-21,19.30000000000095,14.000000000000155,4222.847916666659,107.80729166666642,7337228.202000024
2019-09-22,15.699999999999894,6.3333333333333535,4266.105208333323,97.51958333333317,7841128.979399934
2019-09-23,14.966666666666596,8.399999999999865,5077.620208333348,104.98854166666707,9062555.57659995
2019-09-24,15.033333333332939,6.799999999999917,5241.138750000023,142.0360416666669,9033580.363199951
2019-09-25,16.233333333332613,7.10000000000012,5179.288750000002,185.71416666666607,8666755.467600081
2019-09-26,19.76666666666586,6.233333333333269,4888.340624999995,135.8508333333331,7511672.580599814
2019-09-27,18.89999999999968,11.366666666666731,4418.459166666657,63.66104166666644,8399460.94160017
2019-09-28,14.53333333333309,6.333333333333563,4531.76291666671,126.66250000000043,8230968.154199998
2019-09-29,15.599999999999758,8.500000000000007,4366.837083333364,85.33479166666645,8149938.206399995
2019-09-30,14.233333333333702,9.066666666666759,5073.784166666651,105.82916666666615,8886594.977000033
2019-10-01,20.166666666667233,2.4333333333333202,4503.278958333334,94.67958333333343,7500341.269800086
2019-10-02,26.66666666666618,6.966666666666572,3949.4466666666694,84.42312499999949,6820935.627199961
2019-10-03,29.666666666666206,13.366666666666394,4249.752291666661,73.93000000000018,6330134.894400149
2019-10-04,15.266666666666424,11.833333333333336,5035.7908333333535,120.89000000000031,7972501.736600039
2019-10-05,24.549999999999738,7.499999999999935,5160.452500000004,90.0768750000005,7064367.185200108
2019-10-06,24.83333333333233,12.300000000000098,4505.542916666717,42.23958333333337,6411287.348399867
2019-10-07,17.133333333333404,10.966666666666622,5295.529791666656,81.03374999999994,7229774.450400071
2019-10-08,14.633333333333598,9.033333333333498,5356.441874999991,93.3870833333334,8246575.101800032
2019-10-09,15.16666666666722,7.899999999999894,5486.042291666657,143.79312499999915,8580561.964799946
2019-10-10,14.633333333333612,8.966666666666804,5153.836666666647,166.37145833333403,8494774.392800203
2019-10-11,18.550000000000605,8.933333333333461,4231.251875000008,82.27541666666676,7630530.971599974
2019-10-12,19.966666666667056,7.4,4564.525833333327,48.138125000000336,6765909.977600017
2019-10-13,23.200000000000067,7.400000000000149,3947.695833333329,86.90166666666663,6615389.004799835
2019-10-14,26.533333333334195,13.066666666666976,4595.421666666661,117.30749999999915,6538606.016199965
2019-10-15,17.59999999999994,12.59999999999983,4668.838333333314,121.57916666666709,6542598.737200112
2019-10-16,20.500000000000753,12.399999999999755,4897.238333333326,115.67395833333332,7614431.988000011
2019-10-17,15.80000000000029,8.799999999999937,4862.084999999987,90.9833333333335,8371577.465800043
2019-10-18,22.000000000000007,6.233333333333199,4577.39520833337,73.90812500000038,7169473.965400115
2019-10-19,15.600000000000314,8.699999999999713,4251.353958333331,63.91562500000009,7736590.054399963
2019-10-20,16.666666666667037,8.833333333333256,4278.52145833332,85.16854166666694,7917652.5401999885
2019-10-21,16.399999999999956,11.266666666666742,4770.919583333352,110.23770833333337,7166212.303599772
2019-10-22,19.466666666666857,10.800000000000109,4754.522708333339,110.43312499999986,6421783.6328
2019-10-23,27.46666666666762,6.366666666666637,4761.733958333317,98.87479166666705,6322902.748399895
2019-10-24,34.1999999999995,10.866666666666893,4810.110624999998,80.58083333333323,7122922.674799911
2019-10-25,22.033333333332298,16.033333333333037,4547.11541666666,70.09395833333332,6897190.219200049
2019-10-26,15.699999999999894,9.13333333333321,4029.0952083333627,41.063749999999914,7112448.597200067
2019-10-27,17.300000000000484,9.43333333333319,4284.606458333371,86.18895833333447,7608407.367599949
2019-10-28,20.73333333333299,7.933333333333484,4693.109791666664,102.91520833333367,6383802.935799957
2019-10-29,30.633333333332782,7.933333333333518,4661.975208333346,124.28229166666654,6341701.936200022
2019-10-30,26.300000000000484,12.266666666666525,4890.655416666647,124.79187500000016,6603765.162799891
2019-10-31,34.199999999999605,13.066666666666809,5073.036458333314,85.3262499999993,7942950.0424001245
2019-11-01,34.50000000000111,20.0,4988.693124999999,109.33812499999974,9070044.446999952
2019-11-02,18.86666666666746,15.399999999999787,4753.568541666644,97.69645833333323,7285437.196199903
2019-11-03,20.066666666667473,11.899999999999578,4300.794999999967,81.17729166666683,6673782.936999969
2019-11-04,16.033333333333506,8.466666666666603,4870.442083333322,125.9029166666669,7615974.099800082
2019-11-05,18.03333333333344,6.999999999999878,4716.113958333337,85.33104166666723,6344453.389799916
2019-11-06,23.599999999999355,10.733333333333507,5115.038333333325,70.41041666666675,6671941.344600041
2019-11-07,17.299999999999834,10.83333333333333,5547.14666666668,86.13708333333334,8238350.133599956
2019-11-08,15.233333333333038,10.233333333333459,5042.846875000016,94.62666666666718,8256851.766200006
2019-11-09,14.233333333334127,6.766666666666802,5045.835208333294,81.27000000000035,9033340.431600068
2019-11-10,18.666666666666938,10.800000000000125,4802.104375000002,113.99374999999996,7612879.457399931
2019-11-11,29.666666666666668,9.533333333333397,4448.2895833333105,64.85354166666662,6463233.614799827
2019-11-12,17.23333333333384,11.499999999999984,4544.182291666664,57.46687500000012,6780543.878199896
2019-11-13,17.166666666666483,8.199999999999994,4690.564166666648,63.22937500000044,7922403.649800046
2019-11-14,22.200000000000077,11.566666666666432,4576.205416666661,72.41187499999977,6831391.4479999645
2019-11-15,18.46666666666715,12.500000000000059,4623.114791666616,71.54354166666678,7196810.48040001
2019-11-16,17.400000000000546,8.166666666666629,4068.5883333333663,65.94145833333354,6700194.537200067
2019-11-17,16.16666666666732,10.433333333333183,4030.9370833333187,63.907291666666545,6513829.923600212
2019-11-18,26.599999999999874,7.666666666666656,4547.843749999984,71.13604166666642,6234939.879800061
2019-11-19,18.53333333333248,9.866666666666744,4668.077916666665,81.53958333333364,6186594.912400058
2019-11-20,34.566666666665796,8.549999999999947,4989.005208333328,81.72854166666644,7290828.37440011
2019-11-21,41.333333333332874,14.75,5471.333333333347,69.80354166666663,9236366.747399937
2019-11-22,19.699999999999328,12.299999999999743,4543.723541666651,64.69104166666679,5880640.744000091
2019-11-23,23.250000000000128,8.866666666666829,4051.906875000023,48.74250000000002,5774503.512000041
2019-11-24,23.9000000000012,9.533333333333397,4032.427083333351,58.49354166666649,5566310.436000035
2019-11-25,28.400000000000794,10.099999999999996,4745.804166666658,69.91458333333313,6743629.626799953
2019-11-26,16.86666666666738,11.499999999999984,4484.54833333334,45.512708333333244,6619699.399800019
2019-11-27,24.833333333334334,7.299999999999889,4517.4039583333315,57.78895833333358,5937085.930599982
2019-11-28,21.36666666666678,10.800000000000113,4697.328124999983,69.38374999999996,5921471.99060001
2019-11-29,20.366666666666337,11.533333333333415,4783.329583333331,79.05833333333358,6352429.785000006
2019-11-30,17.999999999999908,9.83333333333317,4123.315000000023,48.99458333333318,5974580.940200082
2019-12-01,17.96666666666667,11.733333333333475,4526.206666666679,87.48208333333287,7486659.752999919
2019-12-02,16.033333333333303,9.633333333333377,4487.383541666686,56.024166666666424,7778243.327999957
2019-12-03,21.60000000000033,9.833333333333492,4586.945833333334,75.00187499999977,7043542.179799821
2019-12-04,22.533333333332305,11.833333333333357,4785.365416666665,127.47124999999959,6407672.123799939
2019-12-05,23.466666666668228,11.699999999999697,4600.703333333326,86.1637500000003,6196489.31620003
2019-12-06,20.633333333333173,13.099999999999882,5338.656249999975,80.4372916666667,6278267.436600067
2019-12-07,20.899999999999213,10.13333333333347,5349.33916666671,88.09250000000051,5665175.061599947
2019-12-08,28.733333333332347,13.399999999999846,5695.141666666642,153.32000000000048,5875669.192400074
2019-12-09,39.03333333333414,13.866666666666399,4946.794583333348,71.93937500000045,8850455.41959981
2019-12-10,17.733333333333224,13.899999999999986,4210.556874999976,91.37312499999983,6271141.458999999
2019-12-11,18.699999999999065,13.033333333333378,4345.977499999987,55.68604166666674,6231616.6002001325
2019-12-12,18.86666666666747,12.999999999999874,4524.961041666658,41.069166666666504,6309308.993400025
2019-12-13,20.966666666666228,11.000000000000346,4461.275416666671,58.24770833333281,6325551.734000055
2019-12-14,20.366666666666237,13.900000000000212,4218.3014583333215,64.82875000000038,6573378.7981999405
2019-12-15,22.13333333333316,14.84999999999986,4113.477083333321,49.45583333333319,6315254.79640003
2019-12-16,21.966666666666132,12.066666666666823,4766.669374999997,73.06604166666646,6502793.763999907
2019-12-17,27.333333333333023,11.533333333333255,5166.627916666674,80.92500000000011,7406374.161999922
2019-12-18,40.63333333333171,14.533333333333621,6124.620416666639,86.09958333333314,11043335.691200208
2019-12-19,23.899999999999764,17.050000000000406,5210.442083333338,70.82645833333385,8038835.09959996
2019-12-20,44.2999999999992,12.199999999999811,6273.0583333333425,187.86645833333384,12771230.62379966
2019-12-21,20.633333333333177,16.733333333333448,4193.019791666678,43.71541666666658,7052393.502000193
2019-12-22,20.90000000000048,12.800000000000118,3756.0672916666676,33.59854166666657,5455035.567599933
2019-12-23,20.699999999999875,11.433333333333591,4242.417708333304,46.40541666666677,6106618.850799969
2019-12-24,25.90000000000037,13.60000000000003,4257.038749999989,57.19666666666659,6463841.876399936
2019-12-25,28.23333333333281,14.200000000000333,4096.364374999988,41.723541666666605,6932403.410199969
2019-12-26,21.13333333333382,16.30000000000014,4005.0218750000113,40.44729166666651,5985844.695400092
2019-12-27,26.0666666666662,13.333333333332815,4469.002708333337,53.29145833333367,6865080.321200073
2019-12-28,29.26666666666807,16.53333333333342,4730.070208333333,62.217291666666895,8287754.040000047
2019-12-29,33.966666666665134,16.000000000000014,4928.896874999985,82.88499999999974,9487845.194599787
2019-12-30,42.06666666666891,18.966666666666875,5850.421874999993,235.75833333333458,12387294.057199916
2019-12-31,21.600000000000957,14.90000000000014,3975.432916666639,45.588958333333316,5963978.705999975
2020-01-01,24.233333333332926,10.433333333333191,3711.577291666672,49.01229166666663,5415505.735999876
2020-01-02,24.766666666667636,11.96666666666621,5494.013125000004,83.69562500000055,6167996.375999953
2020-01-03,34.03333333333285,12.56666666666682,4225.547708333347,41.39479166666655,8229253.129199999
2020-01-04,27.16666666666592,17.033333333333054,4624.651041666666,61.89562500000022,7134277.970999948
2020-01-05,16.766666666667295,12.500000000000089,5301.619791666661,21.764583333333334,6811821.93820005
2020-01-06,17.89999999999991,11.966666666666582,5501.654375000005,32.153125,7497846.468799906
2020-01-07,20.199999999999694,12.650000000000103,5275.613333333338,31.197500000000005,6816512.9189999355
2020-01-08,25.33333333333419,16.366666666666937,4649.610416666625,45.659374999999784,6488123.556200025
2020-01-09,31.400000000000787,17.8666666666671,4985.215833333326,49.224166666666925,8629913.877399942
2020-01-10,33.233333333332745,19.899999999999793,4443.407916666694,31.562291666666816,8639240.256199984
2020-01-11,21.201472392638053,11.335194274028625,4914.257966638379,97.7923385328286,8321264.614984552
2020-01-12,21.201472392638053,11.335194274028625,4914.257966638379,97.7923385328286,8321264.614984552
2020-01-13,32.93333333333286,11.566666666666833,4985.58104166665,73.02083333333367,7537384.540399956
2020-01-14,32.80000000000129,16.600000000000062,5720.941875000001,87.40604166666607,9642932.76900015
2020-01-15,37.96666666666836,18.566666666667018,5725.342708333337,62.3412499999996,9793879.945800029
2020-01-16,20.199999999999758,15.900000000000212,4569.568541666676,33.44624999999994,6591181.826800022
2020-01-17,24.06666666666759,13.73333333333328,4504.507291666662,38.9895833333334,6345911.363600058
2020-01-18,28.26666666666654,13.133333333333455,4414.4308333333465,51.15937499999984,6553965.732600154
2020-01-19,26.333333333333805,16.16666666666651,4455.064791666671,60.0608333333337,7029883.489599839
2020-01-20,22.133333333332605,18.90000000000015,4845.480625000037,45.669791666667116,7189233.281199805
2020-01-21,23.166666666667236,14.24999999999996,4672.008124999982,53.00395833333328,5888664.142799964
2020-01-22,32.13333333333269,13.266666666666511,4970.2979166666655,43.015416666666546,7385195.316200143
2020-01-23,22.36666666666516,12.733333333333384,4677.284583333313,-1.900624999999982,6676671.595200029
2020-01-24,23.666666666665318,11.333333333333677,4554.848958333323,48.717708333333356,6117096.595800074
2020-01-25,26.766666666667636,12.766666666666493,4268.578333333321,49.01125000000019,6018256.352799864
2020-01-26,23.40000000000011,14.733333333333475,4218.050208333325,50.94270833333313,6194484.424199898
2020-01-27,22.833333333333076,12.149999999999787,4297.269166666672,53.24729166666666,6117065.533200035
2020-01-28,24.33333333333441,12.466666666666606,4841.2731250000015,66.17791666666702,6525174.9450001065
2020-01-29,29.466666666666686,14.76666666666668,5408.871458333325,75.18937499999993,7901735.925599809
2020-01-30,39.766666666668236,14.600000000000291,6450.687083333352,755.3362499999998,11791497.686000055
2020-01-31,43.566666666665995,19.56666666666682,7110.576666666638,2189.436041666674,14796331.701199988
2020-02-01,29.15000000000043,23.4666666666669,4291.174374999986,68.51020833333362,10252863.48240003
2020-02-02,24.46666666666581,13.866666666667092,4067.0441666666375,13.758125000000234,6128846.503200046
2020-02-03,17.933333333334126,12.566666666666809,4431.664791666666,51.38312499999994,5995663.525799908
2020-02-04,19.566666666666347,10.999999999999808,4845.944375000026,60.86895833333292,5650997.432000022
2020-02-05,20.66666666666569,11.399999999999986,4652.738541666707,20.96729166666656,5989742.073200146
2020-02-06,26.36666666666752,13.466666666666963,5529.598333333338,38.2935416666667,6947335.628800041
2020-02-07,23.566666666666823,16.366666666666553,5473.862916666657,35.63187500000016,7274754.476200078
2020-02-08,28.96666666666715,18.233333333333277,4580.638958333306,48.148541666666304,7251208.556200022
2020-02-09,26.999999999998874,19.233333333333483,4731.152916666698,29.350208333333196,6866914.566199977
2020-02-10,26.93333333333403,18.266666666666538,4149.409791666679,-9.626250000000013,7530368.954000104
2020-02-11,21.201472392638053,11.335194274028625,4914.257966638379,97.7923385328286,8321264.614984552
2020-02-12,21.201472392638053,11.335194274028625,4914.257966638379,97.7923385328286,8321264.614984552
2020-02-13,30.766666666666822,19.400000000000446,5797.382708333304,74.34479166666686,9330234.342199853
2020-02-14,34.14999999999949,19.733333333333302,5827.3179166666605,76.3212499999995,9378155.222000029
2020-02-15,19.04999999999953,18.66666666666714,4512.526458333308,55.44541666666631,7375786.010600009
2020-02-16,24.96666666666715,16.50000000000069,4204.344583333326,44.96083333333341,6488054.637800079
2020-02-17,26.699999999999697,14.300000000000153,5139.660208333332,61.04250000000025,7321185.3873998765
2020-02-18,21.86666666666565,16.83333333333307,4965.755000000022,59.303958333333824,7279026.867199902
2020-02-19,19.600000000000325,13.566666666666869,4557.300625000017,50.48104166666636,6731476.785999984
2020-02-20,18.63333333333364,13.76666666666668,4675.089375000023,57.58833333333316,6575829.695400005
2020-02-21,19.700000000000266,12.966666666666898,4539.543958333328,48.151249999999884,6320686.99720001
2020-02-22,21.69999999999976,11.766666666666794,4038.417499999994,41.716458333333286,5649438.025400002
2020-02-23,32.9000000000008,12.566666666666826,4422.069374999993,49.89020833333329,6919657.042600049
2020-02-24,23.566666666667466,16.33333333333278,5109.127291666657,56.18895833333321,7539056.995600085
2020-02-25,31.649999999999483,17.800000000000047,5148.267708333345,59.21979166666678,7738950.266800099
2020-02-26,19.19999999999978,15.766666666666525,4515.463541666667,44.550833333332946,6350783.68960013
2020-02-27,19.56666666666624,9.500000000000158,4528.141666666653,47.90437499999999,6585111.986399941
2020-02-28,19.7333333333335,12.833333333332932,4583.623749999986,49.51208333333306,6495388.4230001075
2020-02-29,21.89999999999964,13.233333333333341,4182.539166666648,50.26833333333329,5927057.57240001
2020-03-01,32.43333333333188,12.166666666666808,4955.09229166664,62.600416666666625,6863759.518400091
2020-03-02,18.43333333333413,13.633333333333413,4375.204583333331,14.775624999999948,6349301.566199984
2020-03-03,19.950000000000582,14.033333333333758,4531.098750000015,49.03625000000004,6398752.38100013
2020-03-04,22.066666666666265,13.366666666666434,4345.60708333336,47.88479166666681,7098705.7762000775
2020-03-05,20.266666666666424,15.400000000000047,4569.556458333336,34.69937499999999,7354845.0851999875
2020-03-06,18.966666666666107,15.533333333333676,5450.0760416666235,43.54562499999981,6633606.901999986
2020-03-07,19.866666666667225,14.90000000000026,5958.7612500000305,42.175000000000104,6171549.902400145
2020-03-08,21.96666666666712,14.03333333333361,5330.431458333333,46.85770833333365,5757387.213200047
2020-03-09,20.799999999999436,12.53333333333302,4555.310833333344,22.893750000000093,5844108.227199961
2020-03-10,21.799999999999272,9.466666666666445,3844.8760416666755,-6.835416666666651,6163266.714600053
2020-03-11,21.201472392638053,11.335194274028625,4914.257966638379,97.7923385328286,8321264.614984552
2020-03-12,21.201472392638053,11.335194274028625,4914.257966638379,97.7923385328286,8321264.614984552
2020-03-13,26.900000000000098,19.53333333333275,4794.825416666644,39.48625000000008,7293500.475000177
2020-03-14,17.833333333333155,12.799999999999745,4000.6745833333193,27.879999999999917,6410562.929400067
2020-03-15,19.133333333332605,12.4000000000002,4069.372291666654,30.281666666666787,6425448.90040005
2020-03-16,25.233333333333217,8.49999999999997,4607.783958333351,45.649583333333226,6295581.458600044
2020-03-17,28.333333333334064,10.899999999999817,4802.257708333328,50.72062500000011,6612452.053400025
2020-03-18,28.70000000000027,18.050000000000416,5046.96437499999,48.98187499999992,7560823.379400009
2020-03-19,30.79999999999963,18.400000000000045,5302.7858333333,46.916249999999614,8342986.408000035
2020-03-20,22.400000000001278,14.83333333333273,4647.81687500002,40.384999999999906,6863766.174999987
2020-03-21,18.466666666667503,13.299999999999716,4333.305624999992,46.91541666666627,6687445.977999982
2020-03-22,18.599999999999554,11.45000000000017,4060.403541666678,33.80729166666665,6747846.881999976
2020-03-23,17.066666666666187,11.833333333333501,4704.456041666653,44.04020833333361,7335298.361400115
2020-03-24,18.033333333333328,8.1666666666668,4788.981041666686,48.43624999999983,7313550.726799897
2020-03-25,17.466666666666132,10.966666666666235,4714.492291666708,43.39666666666645,7729756.585400193
2020-03-26,21.100000000000147,12.700000000000161,4587.000416666652,44.90229166666685,6720211.131600038
2020-03-27,27.69999999999998,12.43333333333292,4664.92687499997,48.9275000000002,6698559.277600171
2020-03-28,27.966666666666054,13.433333333333346,4080.1547916666336,46.997083333333144,6587341.777399923
2020-03-29,26.966666666668242,18.066666666667004,3998.0502083332794,41.331250000000225,7075752.691800157
2020-03-30,21.83333333333276,15.36666666666701,4486.979583333321,56.481874999999775,6653501.75460008
2020-03-31,20.966666666666534,10.90000000000014,4543.4943749999875,57.191874999999584,6497987.911600014
